H,MAE,RMSE
1,479980.4810606061,750969.3263234776
7,447915.05,731894.2322358612
14,523927.5094339623,829171.9852359293
30,588989.5878378379,962837.4240664976
