Horizon_Days,MAE,RMSE
1,373400.8880597015,611230.8601011233
7,957933.118852459,1323336.6971874214
14,961736.2592592592,1310082.3817880666
30,1083667.4407894737,1451727.320484293
