Day_Type,Total_Traffic
Weekday,5327515.303846153
Weekend,3205432.8173076925
